ImageNumber,ObjectNumber,Children_PLA_Count,Intensity_IntegratedIntensityEdge_DAPI,Intensity_IntegratedIntensity_DAPI,Intensity_LowerQuartileIntensity_DAPI,Intensity_MADIntensity_DAPI,Intensity_MassDisplacement_DAPI,Intensity_MaxIntensityEdge_DAPI,Intensity_MaxIntensity_DAPI,Intensity_MeanIntensityEdge_DAPI,Intensity_MeanIntensity_DAPI,Intensity_MedianIntensity_DAPI,Intensity_MinIntensityEdge_DAPI,Intensity_MinIntensity_DAPI,Intensity_StdIntensityEdge_DAPI,Intensity_StdIntensity_DAPI,Intensity_UpperQuartileIntensity_DAPI,Location_CenterMassIntensity_X_DAPI,Location_CenterMassIntensity_Y_DAPI,Location_CenterMassIntensity_Z_DAPI,Location_Center_X,Location_Center_Y,Location_Center_Z,Location_MaxIntensity_X_DAPI,Location_MaxIntensity_Y_DAPI,Location_MaxIntensity_Z_DAPI,Mean_PLA_Intensity_IntegratedIntensityEdge_PLA,Mean_PLA_Intensity_IntegratedIntensity_PLA,Mean_PLA_Intensity_LowerQuartileIntensity_PLA,Mean_PLA_Intensity_MADIntensity_PLA,Mean_PLA_Intensity_MassDisplacement_PLA,Mean_PLA_Intensity_MaxIntensityEdge_PLA,Mean_PLA_Intensity_MaxIntensity_PLA,Mean_PLA_Intensity_MeanIntensityEdge_PLA,Mean_PLA_Intensity_MeanIntensity_PLA,Mean_PLA_Intensity_MedianIntensity_PLA,Mean_PLA_Intensity_MinIntensityEdge_PLA,Mean_PLA_Intensity_MinIntensity_PLA,Mean_PLA_Intensity_StdIntensityEdge_PLA,Mean_PLA_Intensity_StdIntensity_PLA,Mean_PLA_Intensity_UpperQuartileIntensity_PLA,Mean_PLA_Location_CenterMassIntensity_X_PLA,Mean_PLA_Location_CenterMassIntensity_Y_PLA,Mean_PLA_Location_CenterMassIntensity_Z_PLA,Mean_PLA_Location_Center_X,Mean_PLA_Location_Center_Y,Mean_PLA_Location_Center_Z,Mean_PLA_Location_MaxIntensity_X_PLA,Mean_PLA_Location_MaxIntensity_Y_PLA,Mean_PLA_Location_MaxIntensity_Z_PLA,Mean_PLA_Number_Object_Number,Number_Object_Number
1,1,2,7.112047070404515,139.653560183011,0.006820783019065857,0.00637827068567276,0.9683394562891225,0.0315861739218235,0.05758754909038544,0.00948272942720602,0.012139565384475921,0.009781032800674438,0.0,0.0,0.006074218315270732,0.008943933748306395,0.01722743548452854,101.1889942188985,72.28055518462655,0.0,102.1336926286509,72.4932197496523,0,48.0,57.0,0.0,0.32816052669659257,0.8172579598613083,0.02896734606474638,0.012470435351133347,0.16214410921742184,0.05432211793959141,0.06147859990596771,0.030967095184938183,0.03923612641941371,0.040341039188206196,0.01847104635089636,0.01847104635089636,0.011815304234183472,0.01434577123138566,0.053328373935073614,105.21978122457207,80.35637671398092,0.0,105.29310344827586,80.5,0.0,104.5,81.0,0.0,1.5,1
1,2,0,6.271854797611013,203.2126204231754,0.00872816052287817,0.007606621831655502,0.5976587789391085,0.027847714722156525,0.062485694885253906,0.00916937835908043,0.017058055940835676,0.016243228688836098,0.0,0.0,0.006052840249779102,0.010909224534455648,0.024109255522489548,709.8452103691715,72.34396317754593,0.0,710.1790480987157,71.84823302274826,0,678.0,95.0,0.0,nan,nan,nan,nan,nan,nan,nan,nan,nan,nan,nan,nan,nan,nan,nan,nan,nan,nan,nan,nan,nan,nan,nan,nan,nan,2
1,3,4,7.011581680737436,164.05356023879722,0.007721065077930689,0.005828946363180876,2.5422124471415097,0.03326466679573059,0.05850309133529663,0.009475110379374914,0.014016879719651163,0.01335164438933134,0.0,0.0,0.006063324131403158,0.00978921264560442,0.019943540915846825,194.8388038693855,181.73390330106437,0.0,193.3603041695147,179.66584073820917,0,202.0,166.0,0.0,0.38222705433145165,0.9852483426220715,0.024028190760873258,0.013153277337551117,0.2754984985250381,0.0559510188177228,0.06070038955658674,0.029024209599701967,0.03516556323549254,0.035503929015249014,0.012554360320791602,0.011337453499436378,0.013170927618459193,0.014603480814017734,0.04901674692519009,166.04794005509848,175.285910288116,0.0,166.06756756756755,175.19932432432432,0.0,165.75,175.5,0.0,5.75,3
1,4,4,6.073273886926472,338.6397211556323,0.00885023269802332,0.0076295118778944016,0.6518086658552368,0.030563820153474808,0.062485694885253906,0.009229899524204365,0.01720992636863507,0.016418708488345146,0.0,0.0,0.006180508676170661,0.010697009579151226,0.024196993559598923,543.2029538385797,189.25819787905098,0.0,543.1448391523098,188.60898510951873,0,568.0,224.0,0.0,0.3450331906788051,0.8697718819603324,0.028891051071695983,0.010927367256954312,0.1542117841932068,0.05044251121580601,0.0593728544190526,0.03117804214568986,0.03813126156812768,0.03947318275459111,0.01641870755702257,0.015091172885149717,0.010372346119846838,0.013643182387421841,0.04993610270321369,555.1588003759226,187.48632475072947,0.0,555.1972140762464,187.52126099706743,0.0,555.0,187.0,0.0,7.25,4
1,5,8,6.296025084797293,248.26468438049778,0.008972304873168468,0.00785839557647705,0.561230273149732,0.031540397554636,0.062485694885253906,0.00921819192503264,0.017728126562446284,0.016739146783947945,0.0,0.0,0.006063043010406204,0.010937773265039858,0.024750133976340294,686.4784220242666,294.3989550568019,0.0,686.3161953727506,293.8616823764639,0,648.0,277.0,0.0,0.3426337087294087,0.9714255766011775,0.02387560106581077,0.012018387322314084,0.23207488802554163,0.048611429519951344,0.06163500435650349,0.027135658067807128,0.03551783725455331,0.034861142630688846,0.013378347386606038,0.013033111928962171,0.01050419878021489,0.014976254446868136,0.05059748620260507,680.5177663578405,292.96515062935094,0.0,680.5033288489265,292.85146300643567,0.0,680.875,293.25,0.0,16.375,5
1,6,5,6.306050252402201,228.7861308096908,0.009308003820478916,0.008239871822297573,1.51351847976197,0.034058138728141785,0.062485694885253906,0.00927360331235618,0.01875757405998941,0.01747157983481884,0.0,0.0,0.006229652367025694,0.011346039898589682,0.025833524763584137,429.87442230964444,351.27795007140236,0.0,428.3703369681069,351.44666721324916,0,397.0,337.0,0.0,0.28923476077616217,0.757183187827468,0.02170443246141076,0.015918211825191975,0.2221148066135052,0.05549095943570137,0.05798733532428742,0.029042140402210252,0.036918535410296924,0.03880979605019093,0.014187838695943356,0.0120241092517972,0.01387497110646536,0.01718650824878084,0.05622415542602539,436.01217364798566,332.5880508052114,0.0,436.00928571428574,332.45714285714286,0.0,435.6,332.6,0.0,20.6,6
1,7,11,5.515800765249878,266.2015581349842,0.008499274961650372,0.00709544587880373,0.9791392045167759,0.030457008630037308,0.062485694885253906,0.009270253386974585,0.01600442242139026,0.015533684752881527,0.0,0.0,0.0061771303296256925,0.010258034479801524,0.022827496752142906,839.5837235411017,491.5412396622686,0.0,839.8397162267781,492.48632237118983,0,796.0,454.0,0.0,0.2933616339313713,0.7012782931666482,0.02040478045290167,0.009938478300517256,0.17720396991523996,0.04394182105633346,0.05686482583934611,0.024708228419824674,0.031315952348738574,0.03036753460764885,0.013133856383236971,0.01258175726979971,0.009414450216787678,0.013457270126291302,0.0434351524930786,847.412287074208,504.38888781117566,0.0,847.4162251602932,504.31898625974867,0.0,847.1818181818181,504.3636363636364,0.0,32.36363636363637,7
1,8,5,5.25693146395497,268.9386296106968,0.010376134887337685,0.008621346205472946,1.0953788565595273,0.02711528167128563,0.062485694885253906,0.009320800468005267,0.020134658202492835,0.01875333860516548,0.0,0.0,0.006096509209201619,0.011674200385918748,0.02767605148255825,657.5531023675491,578.7007569758254,0.0,658.3547203713408,577.9542561952534,0,641.0,543.0,0.0,0.354891281761229,0.9267017662525177,0.024766918644309042,0.008749523386359214,0.25423729542145923,0.050254063308238985,0.06092317104339599,0.028487622177982265,0.03614313097576083,0.03589837476611137,0.012182803265750409,0.012182803265750409,0.011818025147076323,0.01522306429340069,0.05039749760180712,679.7732599047106,571.3105891743448,0.0,679.7631336405531,571.1872009617312,0.0,680.0,571.6,0.0,40.4,8
1,9,5,5.913878131425008,392.7103705138434,0.009765774011611938,0.008285649120807648,2.2980008071685774,0.03439383581280708,0.062485694885253906,0.009342619480924184,0.019378750087038904,0.017822537571191788,0.0,0.0,0.006459400106855575,0.01139881844925965,0.026504920795559883,397.6765653748812,595.2667122893055,0.0,395.900222057735,593.8088329632371,0,442.0,543.0,0.0,0.31735103446990254,0.8017212182283402,0.025326924677938224,0.013618676550686359,0.15304616539311583,0.05403524860739708,0.059739071130752566,0.03011053992703987,0.037415589544170916,0.03714503664523363,0.016070802323520185,0.015420767851173878,0.011560173971000409,0.014603319844941742,0.05262989271432161,375.01595287762905,599.9490004247289,0.0,374.95714285714286,599.861776061776,0.0,374.8,600.2,0.0,43.8,9
1,10,7,5.098847997840494,296.36708783893846,0.00857557076960802,0.007354848086833954,1.1654685474689843,0.03002975508570671,0.062485694885253906,0.009040510634468962,0.016410137754094046,0.0158541239798069,0.0,0.0,0.006178694079363848,0.010457107873190893,0.023407340049743652,302.2002389787901,955.0334203582322,0.0,301.0574197120709,955.2620708748616,0,256.0,924.0,0.0,0.3585935558325478,0.9335709420431938,0.027322368496762856,0.012609401983874184,0.2018490999106423,0.054470348571028025,0.062485694885253906,0.030601516150385817,0.039556681521680286,0.04210291164261954,0.012006670502679688,0.012006670502679688,0.013885649682041559,0.016928020884563525,0.056475820019841194,291.02386260860413,968.7398342416506,0.0,291.0337150534195,968.7329025654147,0.0,290.7142857142857,968.5714285714286,0.0,59.57142857142857,10
2,1,15,5.209781078854576,311.07728914916515,0.007629510946571827,0.005477989092469215,0.413443156835804,0.02565041556954384,0.05973907187581062,0.008064676592654143,0.013523923534873713,0.012436103075742722,0.0,0.0,0.00600877099448935,0.009459156206124121,0.01896696351468563,718.0953996865795,74.72433033533615,0.0,717.7358055821232,74.52030258238415,0,619.0,37.0,0.0,0.34205335689087707,0.9934640551606814,0.022184837454309065,0.013053585030138492,0.1661064772339174,0.05065486654639244,0.06076752891143163,0.02617544153397693,0.03495347409979724,0.033285012903312844,0.012334376076857249,0.012318099786837896,0.011312156669343747,0.015695071362028478,0.04984384942799806,728.6893416857994,75.28748571538969,0.0,728.6904049150819,75.25857639231371,0.0,729.1333333333333,75.46666666666667,0.0,9.0,1
2,2,7,4.839093671180308,192.86918582953513,0.005981536582112312,0.006805523298680782,1.84728295304245,0.033981841057538986,0.05337605997920036,0.008372134379204685,0.011631237837989092,0.009430075995624065,0.0,0.0,0.005791961619444331,0.00884933276262892,0.016922255977988243,108.84428382082905,165.42736438249955,0.0,107.35858159450007,164.3295742371246,0,123.0,123.0,0.0,0.29651549658072845,0.7829883761171784,0.02049559141908373,0.010122181315507208,0.10593116509957677,0.044170508959463665,0.0586774790925639,0.023718425427076095,0.030714752575022503,0.03090060981256621,0.009730896513376917,0.009730896513376917,0.010440811929339811,0.013646819671520042,0.04186530664030995,113.65578747081508,156.9533040212058,0.0,113.67589323119276,156.91929499072356,0.0,113.42857142857143,156.28571428571428,0.0,27.142857142857142,2
2,3,5,4.763500478351489,242.00062729651108,0.007751583121716976,0.005645838566124439,2.156781216377874,0.03334096446633339,0.05851835012435913,0.008645191430764951,0.013894506935552109,0.012970169074833393,0.0,0.0,0.006504242025723793,0.009702913974677832,0.019729916006326675,320.76510328522204,183.74299332765048,0.0,319.2778320032152,182.18103002813342,0,318.0,233.0,0.0,0.3192492568865418,0.7095353638753295,0.024096284434199332,0.010054170154035091,0.2541131013515178,0.059519340842962266,0.05999237075448036,0.030579105371919768,0.03571641438712294,0.03747768346220255,0.0142336156219244,0.014068818092346192,0.013648130314798723,0.014435597548003077,0.047519646026194094,304.5991637125325,188.46204894880952,0.0,304.7,188.3,0.0,304.4,188.8,0.0,35.4,3
2,4,17,5.396765156649053,350.8695682522375,0.007995727472007275,0.006134127266705036,2.9489672163428837,0.027695124968886375,0.06234836205840111,0.008354125629487699,0.014470041580841204,0.014023041352629662,0.0,0.0,0.005928466522868462,0.009832949434331485,0.02059968002140522,532.7737376897954,180.95625786952698,0.0,532.228637413395,178.05810788518642,0,518.0,233.0,0.0,0.33428477873916135,0.8338472061133122,0.02355611521531554,0.010582580285913804,0.19123626635990815,0.051940812784082746,0.05980998058529461,0.02854951656764588,0.03450363049599363,0.0341909803888377,0.013523981522987871,0.012755644918583772,0.012250189754932111,0.014412366980207663,0.04713063092683168,522.547713790482,184.79371603510523,0.0,522.5497128790411,184.75437945264935,0.0,522.5294117647059,184.41176470588235,0.0,34.23529411764706,4
2,5,15,5.391882260330021,352.6823093404528,0.008453498594462872,0.007003891281783581,1.270164528911249,0.027542535215616226,0.062485694885253906,0.008613230447811536,0.01576515619956429,0.015381094068288803,0.0,0.0,0.005811695798503483,0.010183099895474446,0.022644389420747757,787.787853824937,283.3436677229088,0.0,788.2537660363864,282.1620401412543,0,752.0,317.0,0.0,0.3929126941288511,1.0620787906770905,0.023700312804430725,0.011443249384562175,0.26431683536304423,0.051686376333236694,0.06062918057044347,0.029196862065718997,0.03678131665953387,0.03860736005008221,0.0135673051699996,0.01285928642998139,0.012142089036136915,0.015234300016891444,0.05041046775877476,767.5759807455258,276.76632209950014,0.0,767.5436209384485,276.64290864308106,0.0,767.6,276.8666666666667,0.0,53.733333333333334,5
2,6,16,4.6889448903966695,304.0926393743139,0.008438238874077797,0.007309071719646454,1.7871446210029704,0.031067369505763054,0.05986114218831062,0.008556468778096113,0.016114283258667473,0.0156252384185791,0.0,0.0,0.006095300862596588,0.010562679755047372,0.023319600149989128,369.7551516155992,519.0115516234076,0.0,371.0737639764718,517.8052567431508,0,344.0,497.0,0.0,0.3833247524453327,1.080691620358266,0.027824826480355114,0.011789025622420013,0.1785353972245458,0.05399595689959824,0.06184386229142547,0.0306953480128821,0.039861964240065946,0.04271143313962966,0.012808995379600674,0.01230926247080788,0.013317506711457854,0.016106243891274602,0.0552944042137824,382.70703523944735,515.746577076412,0.0,382.7351684128289,515.7795313896404,0.0,382.6875,515.4375,0.0,76.9375,6
2,7,10,5.547676876420155,247.65914583019912,0.004982070764526725,0.007125962525606155,0.6277586272378098,0.03332570567727089,0.05980010703206062,0.008367536766847896,0.011307604137987358,0.009140154346823692,0.0,0.0,0.005932192357936818,0.008965134227078661,0.016754405573010445,144.01779260661186,552.201541483697,0.0,143.41028216601222,552.3596931787051,0,147.0,547.0,0.0,0.3653025117702782,0.9146150952205062,0.025630579423159362,0.01381551893427968,0.2138088889093795,0.0538796067237854,0.06204623505473137,0.030042860058922156,0.03813372479025402,0.038727397192269565,0.01253528669476509,0.01253528669476509,0.01285727799427106,0.016030901372569996,0.0537552454508841,139.10292998435202,571.7072779496139,0.0,139.15649683649684,571.6720812520813,0.0,139.3,571.5,0.0,89.5,7
2,8,7,4.480476128170267,230.032640327001,0.00874341931194067,0.007583733648061752,1.832897042014695,0.026260776445269585,0.062485694885253906,0.008221057115908747,0.016924120094688126,0.016235599294304848,0.0,0.0,0.005631973270264379,0.01069890057486416,0.0240329597145319,594.3551813447259,599.8766745581547,0.0,594.0556209535021,598.0684226015303,0,619.0,569.0,0.0,0.3155914493171232,0.7425040063847389,0.025965950518314327,0.012049178459814616,0.21576654461371453,0.05459024065307209,0.060371230223349164,0.03017169892392672,0.037050614966132066,0.0377998666039535,0.011640454110290323,0.011640454110290323,0.013293543208788259,0.014974535438610064,0.05092044613723244,589.9720443513783,586.2423786876085,0.0,589.9523809523808,586.1746031746032,0.0,590.2857142857143,586.5714285714286,0.0,92.14285714285714,8
2,9,8,6.061081931693479,315.02250903262757,0.008331426419317722,0.006927596405148506,0.48221560194290014,0.0313420295715332,0.062485694885253906,0.008634019845717208,0.015570507563890251,0.01516746822744608,0.0,0.0,0.006082035125111516,0.010230317949399244,0.02246128022670746,860.0429084542852,645.0964039674358,0.0,860.4698497429814,644.8722321075523,0,876.0,596.0,0.0,0.4264534233370796,1.163004505680874,0.026459620508830994,0.012891966383904219,0.18207557213900577,0.05835049971938133,0.062485694885253906,0.031016164477308976,0.04023808097913167,0.043724727584049106,0.013225757400505245,0.01226825371850282,0.014703094427152851,0.017284986913175385,0.05677500576712191,865.9840767056487,650.790522440774,0.0,865.9031627785477,650.8679280164791,0.0,867.0,651.0,0.0,105.875,9
2,10,8,5.320073291193694,276.237539203139,0.0068970778957009315,0.006256199441850185,0.8116151245236419,0.02984664775431156,0.059494927525520325,0.00836489511193977,0.012752171507854262,0.010650797747075558,0.0,0.0,0.00579954880181921,0.009467948090396198,0.017990386113524437,266.95672307294745,852.9933383787704,0.0,266.19508817283725,853.2737512695041,0,337.0,822.0,0.0,0.36414702085312456,1.0280422701034695,0.024930857500294223,0.013746471027843654,0.2201304530815279,0.05767528805881739,0.062085145618766546,0.030189695558025656,0.03895530161769376,0.03980315837543458,0.013357366318814456,0.013357366318814456,0.013512945077525937,0.01636387668700852,0.05559100117534399,244.6224938902954,844.6456583425517,0.0,244.54365961356092,844.6678520625888,0.0,244.375,844.875,0.0,126.875,10
2,11,7,6.014251982327551,236.81346001732163,0.007843137718737125,0.005828946363180876,1.0565444371445036,0.032578010112047195,0.05984588339924812,0.008678574289072944,0.014118730102982271,0.01347371656447649,0.0,0.0,0.006126647423993838,0.009741990754268449,0.019958801567554474,796.9439220492098,905.2747964724247,0.0,796.6465152328146,906.2886186132475,0,823.0,927.0,0.0,0.42556104476430584,1.2047106835192867,0.02562207798473537,0.01299305712538106,0.2646153477773616,0.05764858531100409,0.06041264800088746,0.029252131487032595,0.037981991272510944,0.03872630798390934,0.011673151914562498,0.011577238195708819,0.013793863642783915,0.016055049494767264,0.05400494871927159,789.9703507243952,897.8396654605943,0.0,790.0613707720851,897.8567384995957,0.0,789.1428571428571,897.2857142857143,0.0,138.71428571428572,11
3,1,11,5.885511607397348,252.52121961093508,0.002121004043146968,0.00718699861317873,2.9105996201727575,0.03433280065655708,0.054962996393442154,0.00838391966865719,0.01036494765057403,0.00872816052287817,0.0,0.0,0.006202094991545022,0.008530083757737433,0.0160982683300972,465.4922334233208,104.44462906889734,0.0,467.73028773139595,102.58379509912572,0,423.0,171.0,0.0,0.32602426325055683,0.8125221115452322,0.02323671608147296,0.009758144786412066,0.1570872566802258,0.051833510398864746,0.056677556173367935,0.02740815490905669,0.03412764743061065,0.03570125633004037,0.011856260370801796,0.011856260370801796,0.012612559263731128,0.014025012413883925,0.04670023668388074,488.70943016290005,96.47714192619647,0.0,488.69603239897356,96.39938382163446,0.0,488.72727272727275,97.18181818181819,0.0,11.636363636363637,1
3,2,5,5.128038517897949,186.82423283858225,0.0012664988171309233,0.007186999544501305,1.4682649488453792,0.032623790204524994,0.053284503519535065,0.008113984996673968,0.010061082063578128,0.008636606857180595,0.0,0.0,0.0056088907240974565,0.0084623147530212,0.01576256938278675,899.2287449746199,236.02948309203882,0.0,899.4278097905111,234.57477516290592,0,867.0,291.0,0.0,0.32021973226219413,0.7876218851655722,0.02112001241184771,0.009665064699947833,0.23303481130587608,0.05042191222310066,0.0571419857442379,0.026959084264855448,0.03199463476286364,0.03314869906753302,0.011953917890787124,0.011416800133883954,0.011809960479688629,0.01423913787529442,0.04355230052024126,913.0675093946351,253.7154190676144,0.0,913.1089490968801,253.6536945812808,0.0,912.6,253.6,0.0,22.0,2
3,3,5,4.7633478892967105,280.8734894390218,0.007156481500715017,0.0060883499681949615,2.5374171190297523,0.024643320590257645,0.056305792182683945,0.007860310048344407,0.012717263852169782,0.010620279237627983,0.0,0.0,0.005705636402491906,0.009211717156307779,0.017822537571191788,586.330922483681,307.7427888142683,0.0,584.406547133931,306.08892511093,0,637.0,309.0,0.0,0.28650644831359384,0.6438300156965852,0.02233386756852269,0.008912794850766658,0.2855691863866877,0.05334248840808868,0.05846036449074745,0.027964912817503018,0.03339228516800359,0.03611963074654341,0.01188983004540205,0.01188983004540205,0.013957926095982742,0.014258441051506943,0.04567177817225456,598.3180271984032,359.4936486694698,0.0,598.2209302325581,359.3837209302325,0.0,598.4,360.2,0.0,32.2,3
3,4,9,5.1409781612455845,213.6139788357541,0.006424048449844122,0.006767375860363245,1.7214452360342862,0.024277104064822197,0.05981536582112312,0.008121608469582282,0.011990680821541066,0.009605554398149252,0.0,0.0,0.005638647434587129,0.009070042505380587,0.01718165911734104,226.5700738319852,330.7585140592341,0.0,227.80611843951726,331.95666573112544,0,229.0,310.0,0.0,0.31765723342282903,0.7646160274744034,0.025061247922066186,0.011294219021995863,0.205059816424883,0.050276781949732036,0.05835219514038828,0.029455871478803033,0.0366754868333148,0.03756008297204971,0.012481880063811937,0.012258081076045832,0.011888815296849072,0.01476507709872977,0.051265651567114726,233.1731027543576,350.61590466492976,0.0,233.2043650793651,350.5914423740511,0.0,233.11111111111111,350.44444444444446,0.0,33.0,4
3,5,3,4.144670826615766,161.5660040229559,0.006561379414051771,0.006744488142430782,1.3314507945772283,0.026565957814455032,0.06010528653860092,0.008289341653231532,0.0120887395453016,0.009689479134976864,0.0,0.0,0.005959488492318798,0.009112440981357385,0.01725795306265354,881.7600800677692,441.4405306514788,0.0,882.7548821548821,442.32547699214365,0,877.0,464.0,0.0,0.27232776458064717,0.7167925549050173,0.02222476542616884,0.012560718382398287,0.1720485019155665,0.042710003132621445,0.054500140249729156,0.024616031435722805,0.03347736563614851,0.03414206144710382,0.012227563187479973,0.012110577275355658,0.010437281453706133,0.014181734242851213,0.0460924186433355,904.873585499305,454.45126582812264,0.0,904.9285714285714,454.36309523809524,0.0,905.0,454.3333333333333,0.0,40.0,5
3,6,5,4.9114366988651454,266.510050120065,0.005680170957930386,0.00695811421610415,0.43621647660901625,0.027405204251408577,0.05378805100917816,0.007626454501343393,0.011594955410922992,0.009262226521968842,0.0,0.0,0.005770043462160888,0.00898860667691066,0.016891736537218094,403.29968184774725,563.3201199835578,0.0,403.2680008701327,562.8850554709593,0,475.0,588.0,0.0,0.35936827789992093,0.9723720191046595,0.023698786972090602,0.011088730581104756,0.1970573166992084,0.04975356683135033,0.05737087056040764,0.02857473960560229,0.034311378664777785,0.03614099342375994,0.011493095383048057,0.011493095383048057,0.0130755384384758,0.01482139629961871,0.04706416400149464,373.6614842402294,573.6835115703827,0.0,373.63279857397504,573.7405525846704,0.0,373.8,573.6,0.0,45.4,6
3,7,17,5.2728923975955695,340.9062511145603,0.00666819280013442,0.006637675687670708,0.9012170538354803,0.031509879976511,0.05592431500554085,0.007652964292591538,0.012300867832667976,0.009903104975819588,0.0,0.0,0.005958450581538813,0.00921457026333352,0.01746395044028759,704.9386074241881,637.3633901304787,0.0,704.2987659666594,637.9980515263044,0,639.0,593.0,0.0,0.35388813529382734,0.9499118153882378,0.024652969639967468,0.012197792530059814,0.229979730916654,0.05414888284662191,0.061923803652034086,0.028308582127732174,0.03702218354376525,0.03881760533241665,0.012325699550702292,0.012080657515017426,0.013100408272847145,0.015901409922166043,0.0519387936219573,719.7088402257365,657.8595288141926,0.0,719.7384835752482,657.8519773225496,0.0,719.8235294117648,657.4705882352941,0.0,58.705882352941174,7
3,8,3,4.639322548639029,181.847716369899,0.0024109254591166973,0.007186999544501305,0.5286809224808555,0.026230258867144585,0.051819637417793274,0.008054379424720537,0.010470273858239232,0.008773937821388245,0.0,0.0,0.005965357105531643,0.008590990846784923,0.016174564138054848,397.17655829060044,719.527078893816,0.0,396.93954398894516,719.9996545370797,0,326.0,730.0,0.0,0.19843849508712688,0.47659520898014307,0.018066682076702516,0.011182320614655813,0.1927046054128678,0.03703873232007027,0.0495765625188748,0.021429446825729403,0.02874898501036186,0.029315124576290447,0.011495129826168219,0.011495129826168219,0.008595476126966237,0.012218555764512909,0.04076574929058552,353.6605122185388,719.1808470253723,0.0,353.5714285714286,719.0952380952381,0.0,353.3333333333333,719.6666666666666,0.0,69.0,8
3,9,5,6.211215456947684,217.68969413801096,0.0057831695303320885,0.0069275954738259315,1.7648340584509299,0.029251545667648315,0.05336080119013786,0.008119235891434881,0.011508839235422202,0.009216449223458767,0.0,0.0,0.005502311913837069,0.008895357394875342,0.016845960170030594,852.9143889913253,696.4539613383092,0.0,854.1260375363469,697.7371398361089,0,794.0,734.0,0.0,0.319554441049695,0.916063179448247,0.024670024495571853,0.010612650029361247,0.22791868467284138,0.05358358174562454,0.062485694885253906,0.026726903786797162,0.038314338629886736,0.043193713016808036,0.010641642101109027,0.010641642101109027,0.014750981962847085,0.018064291422255428,0.05480277743190527,859.1404079297839,714.429283860837,0.0,859.1441023535851,714.3556102900932,0.0,859.4,714.6,0.0,67.6,9
3,10,7,4.998580964282155,165.32805515639484,0.00079346913844347,0.007026779931038618,0.942535071019318,0.025711452588438988,0.05223163217306137,0.007934255498860563,0.00928235669846695,0.00838483264669776,0.0,0.0,0.005740963186221366,0.007994975053788012,0.014831769280135632,101.19681878466358,832.5887528551724,0.0,100.28976475211948,832.8449272921229,0,36.0,796.0,0.0,0.359613728842565,0.8394968904820936,0.025442784053406546,0.010578861060951437,0.20222008541728573,0.051425083939518244,0.058500910443919044,0.029508339084891,0.03538724516310357,0.036351349603916915,0.01168405104960714,0.01168405104960714,0.012938944510554872,0.013842685092433082,0.048834864382765124,65.31754311879858,827.8248457682621,0.0,65.27619047619048,827.7829365079366,0.0,65.14285714285714,828.0,0.0,78.85714285714286,10
3,11,5,4.418371910462156,184.1330905649811,0.004959182348102331,0.006942855194211006,0.41059840431299643,0.029190508648753166,0.05978484824299812,0.007751529667477467,0.011087011715136146,0.009048599749803543,0.0,0.0,0.0058825600362628775,0.008735009627752113,0.016495002433657646,743.2479820797564,851.2536602180974,0.0,742.8403179190751,851.2046604046243,0,812.0,875.0,0.0,0.31939269192516806,0.7091844065114856,0.027108415309339762,0.008235294558107852,0.2291977460130346,0.05153276920318604,0.061100175976753233,0.03199490736562125,0.03723476488422943,0.037593652680516246,0.01890898011624813,0.018176547065377236,0.01179544707386014,0.013783360139700235,0.049977111630141735,747.1402009472088,869.7579600261568,0.0,747.125,869.9,0.0,747.2,869.4,0.0,84.6,11
3,12,6,4.612588742282242,191.6967131232377,0.003429465170484036,0.007034408859908581,1.1570129227311918,0.02998397871851921,0.059464409947395325,0.0076494008993072,0.010638587775305939,0.00885023269802332,0.0,0.0,0.005761336860907102,0.008589660297565716,0.016235599294304848,488.1402747747646,888.963424527911,0.0,489.15394860980075,889.5212275930962,0,421.0,895.0,0.0,0.32438900399332243,0.7545586341681579,0.023700440147270758,0.012479336932301521,0.2331394441408514,0.055769182120760284,0.062485694885253906,0.03092959845449687,0.038284367244741775,0.04281681558738152,0.013150733740379414,0.013150733740379414,0.014618180871903136,0.016758804215730633,0.05397942600150903,488.9371370122681,903.8158467948697,0.0,489.0677083333333,903.7083333333334,0.0,488.8333333333333,904.1666666666666,0.0,89.0,12
4,1,17,4.957229014718905,191.651958625298,0.000396734569221735,0.007186999544501305,2.927134443276685,0.02511635050177574,0.05194171145558357,0.006016054629513234,0.008181513708657332,0.007980468682944775,0.0,0.0,0.004939868935145374,0.007588441364805094,0.012939650565385818,114.16113616307119,102.65073661685719,0.0,111.58894343649946,101.25361792956244,0,116.0,119.0,0.0,0.3059963483692092,0.7545218333492384,0.022554854040636736,0.011378742507932818,0.19054124855596255,0.04857664752532454,0.056747404968037325,0.02680688404168741,0.03409723097520229,0.03513524443020716,0.012230554924291722,0.012172211618984448,0.011168709815892497,0.014545351609385863,0.04805963593261207,127.3903241219663,82.6291152350556,0.0,127.41505180135294,82.63895627970115,0.0,127.52941176470588,82.6470588235294,0.0,15.823529411764707,1
4,2,8,3.5845426600426435,153.43874394753948,0.0011177233536727726,0.007186999544501305,1.1711839150418035,0.025909818708896637,0.05398641899228096,0.006054970709531492,0.00980251350843541,0.008529793471097946,0.0,0.0,0.0049772523815282054,0.00823019518072379,0.015606164932250977,914.2433595205787,101.36412308514952,0.0,914.7493132306906,100.30786430716157,0,902.0,74.0,0.0,0.34567216131836176,0.7994525852845982,0.02362764166900888,0.010770008899271488,0.18867276896494764,0.05576600320637226,0.05766384396702051,0.02920336600143951,0.03575729696811842,0.03961337497457862,0.012157625751569867,0.011984054348431528,0.013854370152722135,0.01503092095401556,0.048871309496462345,927.1346669675395,97.7437466434381,0.0,927.1362907925408,97.61994255744256,0.0,927.25,97.875,0.0,20.625,2
4,3,10,4.204562498955056,211.23428875021636,0.0027618829626590014,0.007186999311670661,1.097760262637202,0.024399176239967346,0.05871671810746193,0.006419179387717643,0.010511260387650097,0.008789196610450745,0.0,0.0,0.005218846705380812,0.00858439248066932,0.016205081716179848,508.66665807029506,160.18708835262123,0.0,509.4344645700637,159.40251791401275,0,500.0,110.0,0.0,0.34081788416951897,0.8440039693377912,0.02545777093619108,0.010112917423248291,0.26482443516423904,0.05246051717549562,0.06048065945506096,0.029545137504729136,0.037678095017781535,0.03841535039246082,0.013365377485752106,0.013238727580755949,0.01250925084494665,0.015751711292463597,0.05237277802079916,522.3001241236013,146.36035816804124,0.0,522.2919699787102,146.34439404964024,0.0,522.7,146.4,0.0,32.6,3
4,4,11,3.9001144873909652,231.59632443333976,0.0027924010064452887,0.007095444947481155,3.083348075673932,0.026596475392580032,0.05879301205277443,0.0057270403632760135,0.010555894459131255,0.008804455399513245,0.0,0.0,0.005183663243024789,0.008581110968835954,0.016189822927117348,740.5036029675018,222.16598794495556,0.0,741.238742023701,219.17155879671833,0,735.0,158.0,0.0,0.3391081816093488,0.8954091189767827,0.023714601041071794,0.011796611276539888,0.2009017977222367,0.05174195664850148,0.06093343652107499,0.0281116598922449,0.03649436137171405,0.03772307678379796,0.0122710278427059,0.012237735431302677,0.012644508748292272,0.01577732791001069,0.05104385629634966,731.8127080162282,200.51262746673953,0.0,731.8270360294075,200.5002653582693,0.0,731.6363636363636,200.63636363636363,0.0,44.72727272727273,4
4,5,10,4.421606818214059,197.049715453526,0.0009918364230543375,0.007171740755438805,2.1453510578543886,0.026382848620414734,0.05552757903933525,0.005999466510466837,0.009737582301518383,0.008545052260160446,0.0,0.0,0.0049868281071247435,0.008248046013575362,0.015442130155861378,305.5661188028394,273.4001814886972,0.0,303.68190353824866,272.3743822889899,0,283.0,296.0,0.0,0.28561989730224013,0.6530251013115048,0.022984282998368143,0.010464637167751789,0.2300620906048471,0.052645151317119596,0.05804379358887672,0.02811293906330798,0.03486129195328179,0.03640039665624499,0.012825208064168692,0.012538338359445334,0.013273819361658718,0.014838889567263414,0.04835278894752264,297.51463644701147,264.3929022207177,0.0,297.53571428571433,264.35989010989016,0.0,297.4,264.1,0.0,55.4,5
4,6,7,3.433234191732481,223.2569483614061,0.006073090713471174,0.0069733718410134315,0.2825178474354479,0.018249791115522385,0.061066605150699615,0.0057030468301204,0.011823797710062816,0.009430075995624065,0.0,0.0,0.004892951376714242,0.009051011996200347,0.017135880887508392,613.9550459672362,454.32012665652945,0.0,614.0960703315327,454.56492956254635,0,566.0,498.0,0.0,0.3498087176787002,0.9708639891552073,0.02735452147732888,0.010609379570399011,0.21211706265982772,0.05157331457095487,0.062485694885253906,0.02985625643770964,0.03969092512158918,0.041646230167576244,0.013733119703829288,0.013207773544958659,0.011982205400206518,0.016198986349693002,0.05526654249323266,626.9294190293551,465.53237161724377,0.0,626.9383116883117,465.49512987012986,0.0,627.1428571428571,465.57142857142856,0.0,73.71428571428571,6
4,7,7,3.9043412439059466,250.5055333361961,0.003753719385713339,0.007186999777331948,0.6992860115040829,0.0234988946467638,0.05429159849882126,0.006091015981132522,0.010901972901740626,0.008941787295043468,0.0,0.0,0.0049832024280189,0.008772818277006654,0.016525520011782646,864.0518696026239,553.2119621335803,0.0,864.3949429889459,553.8213073374532,0,821.0,612.0,0.0,0.34414544235914946,0.878036822325417,0.02808423001053078,0.009800651775939124,0.1890458282677614,0.05236896366945335,0.059028436562844684,0.030216401108874608,0.038945970991952274,0.04294542808617864,0.013297147915831633,0.013297147915831633,0.012943103239890357,0.01491181519942464,0.05194988527468273,845.7299825208019,576.405192796767,0.0,845.7649059623849,576.4002934507137,0.0,845.5714285714286,576.5714285714286,0.0,89.28571428571429,7
4,8,11,4.648844184353948,241.83001652546227,0.0008087281603366137,0.007263294421136379,3.0373695448915017,0.02395666390657425,0.056061647832393646,0.005952425332079318,0.00960672214378351,0.008484016172587872,0.0,0.0,0.005166709085460645,0.008323385215583158,0.015335316769778728,333.16624495032227,551.8368750390688,0.0,330.4957295515036,550.3898224287927,0,300.0,497.0,0.0,0.2874938455325636,0.66034388567575,0.021962934469973498,0.010491964068602432,0.21174090082243283,0.04963898557153615,0.05515026741407134,0.027964279518498638,0.03373331143741271,0.03537804269316522,0.014221408489075575,0.013616596433249388,0.011825535602977128,0.013806553942617652,0.04707373577085408,313.57713334744705,548.0561868842834,0.0,313.49283596837944,548.0284090909091,0.0,313.72727272727275,547.8181818181819,0.0,84.54545454545455,8
4,9,11,3.3541924520395696,218.5372567921877,0.0011291676200926304,0.007202259264886379,1.1407208504535176,0.02848859317600727,0.051804378628730774,0.005534971042969587,0.00984934454624967,0.00860608834773302,0.0,0.0,0.005272265868270056,0.008277529731285684,0.0156557559967041,255.18194507817432,766.4264610045143,0.0,254.35347935821164,767.2106093383811,0,291.0,766.0,0.0,0.2657164485109123,0.625776653516699,0.021379970754920083,0.011700895530256357,0.24115228661551597,0.04850288226523183,0.05572317405180498,0.026228209109599932,0.03247390862166183,0.03237964458424936,0.012427779845893383,0.011406812562861225,0.011605284996596065,0.014272519227288226,0.04550760569558902,235.57297053517757,758.7594241957372,0.0,235.52507215007216,758.7056277056276,0.0,235.63636363636363,759.1818181818181,0.0,109.9090909090909,9
4,10,8,3.657297666184604,208.36798808700405,0.005485618487000465,0.0069733718410134315,0.3359746717591253,0.02233920805156231,0.05339131876826286,0.0060853538538845325,0.011370074652788609,0.009185931645333767,0.0,0.0,0.00491300761606716,0.008819237340118816,0.016815442591905594,583.0472572125915,791.0660331110483,0.0,582.9633307868602,791.391356542617,0,578.0,765.0,0.0,0.2966029604431242,0.7149767322698608,0.02317797770956531,0.0124275196576491,0.21670251644064026,0.050902190152555704,0.05710307462140918,0.02812960601477643,0.03454993613511377,0.035836767056025565,0.012216754606924951,0.011978332418948412,0.01210434677078454,0.014254920002452685,0.0488035972812213,562.4682294274036,765.6186601368956,0.0,562.4930555555555,765.6041666666666,0.0,562.75,765.625,0.0,111.0,10
4,11,8,3.7408255531918257,169.06901794066653,0.000747692072764039,0.007202258799225092,0.939395056511879,0.02362096682190895,0.05693140998482704,0.006004535398381743,0.009354266788794209,0.008392462506890297,0.0,0.0,0.005011073768329026,0.008124127491451033,0.01509117241948843,391.4978042239999,946.6157675179978,0.0,390.668916675888,947.0578178599093,0,392.0,974.0,0.0,0.31093309074640274,0.753290229709819,0.02798743059975095,0.011708438280038536,0.18675391265446034,0.05236896313726902,0.05946059385314584,0.030734608805254547,0.039213146967898654,0.04131475614849478,0.012867170386016369,0.012867170386016369,0.012543477854588002,0.01579007046013842,0.0550535973161459,386.1694835566264,945.3286092746571,0.0,386.21949404761904,945.374007936508,0.0,386.375,945.75,0.0,132.5,11
5,1,11,4.387228241888806,222.17479374608956,0.005271992180496454,0.00706492830067873,1.6117439350554739,0.02691691555082798,0.056488897651433945,0.00765659379038186,0.011325048106131592,0.009109635837376118,0.0,0.0,0.005648992269379628,0.008894863835292314,0.016739146783947945,592.1682629254678,226.09202892075405,0.0,591.6147925374656,224.57829544296055,0,554.0,174.0,0.0,0.32469950286163524,0.8852826752276584,0.021638680291785437,0.011862502602691,0.22032602207066895,0.050625273111191665,0.060274523767558014,0.02643439730712481,0.034620731187016626,0.03616457534107295,0.011976945129307833,0.011645408262583342,0.012485810464709046,0.01556675108464428,0.04780824931169098,607.577090188469,229.63658416808386,0.0,607.4875007690257,229.6937198513445,0.0,607.6363636363636,229.36363636363637,0.0,11.0,1
5,2,8,5.216372987953946,226.16856815572828,0.00221255817450583,0.007125962525606155,2.4045920931534064,0.0313725508749485,0.05844205245375633,0.00795178809139321,0.010443690808816415,0.008789196610450745,0.0,0.0,0.005820544508708089,0.008596465971047285,0.0160524919629097,287.95955372339097,234.90592588055137,0.0,286.24769117103807,233.21726080531954,0,252.0,288.0,0.0,0.32385938975494355,0.8129472819855437,0.026705196010880172,0.011990730185061693,0.21804335873899883,0.05663195205852389,0.062018387485295534,0.02994361238148934,0.03914380512129215,0.04096379806287587,0.011343175661750138,0.011343175661750138,0.0142162567592019,0.016948849589910907,0.05624189390800893,276.7914286217854,232.28788904555302,0.0,276.71802995391704,232.29464285714283,0.0,276.5,232.0,0.0,10.5,2
5,3,7,4.984161184867844,252.56093877530657,0.005432211793959141,0.00711070466786623,0.7019690320299267,0.02536049485206604,0.05752651393413544,0.007621041567076214,0.011513011750709148,0.009246967732906342,0.0,0.0,0.0058629662559117595,0.008961692372455017,0.016983291134238243,921.25306476,304.0607344942868,0.0,920.5688106851438,304.2174408533528,0,987.0,298.0,0.0,0.3250215259779777,0.866681926617665,0.027225909821156944,0.009795201942324638,0.11927383809161951,0.04966157674789429,0.06123445502349308,0.029415779243711204,0.03829743759952901,0.03996882773935795,0.014709697104990482,0.014709697104990482,0.010920626601173294,0.014990692267006873,0.05334336071142128,904.8812376945665,318.1643114343905,0.0,904.8305393586006,318.1516034985422,0.0,905.1428571428571,318.42857142857144,0.0,25.142857142857142,3
5,4,8,4.83782716980204,173.33240396296605,0.0009155413135886192,0.007232775911688805,1.7032931362126567,0.030716411769390106,0.04879835247993469,0.007715832806701818,0.009646190882239749,0.008514534682035446,0.0,0.0,0.005716799583293356,0.008195305536311535,0.015423056669533253,197.41408110861377,370.5806314705958,0.0,196.30146363181035,369.29094551727974,0,270.0,370.0,0.0,0.3630655384622514,0.9731269590556622,0.02296530472813174,0.014416915131732821,0.21993461160151917,0.053036545403301716,0.060936904046684504,0.028389960143822737,0.03607723720577535,0.03615339193493128,0.011005569715052843,0.01079003605991602,0.012918761960385982,0.01644521528788075,0.05262169043999165,204.04102275179224,361.6751036438768,0.0,204.04355024667527,361.7055582368082,0.0,204.125,361.375,0.0,31.625,4
5,5,4,3.906385945621878,187.79737675539218,0.007003891281783581,0.006256199441850185,1.0227036881699019,0.03306629881262779,0.05374227464199066,0.007720130327315965,0.012668468480531042,0.01043717097491026,0.0,0.0,0.005880719728772119,0.00926371717137155,0.017837796360254288,659.1450357795145,396.72056911619677,0.0,658.2025769023205,396.3234619535888,0,656.0,376.0,0.0,0.3065613799262792,0.9456817011814564,0.021530480007641017,0.01121156639419496,0.2009147099450675,0.05150682758539915,0.056137941777706146,0.02408517825807714,0.03263545000236448,0.03031204710714519,0.012130922637879848,0.012130922637879848,0.010680502640099255,0.01449720901392489,0.04959468194283545,665.5025133797783,392.52754483133975,0.0,665.4588917947042,392.6283507682249,0.0,665.75,392.0,0.0,36.75,5
5,6,5,4.190325820352882,187.46671382407658,0.006870374665595591,0.006454567424952984,2.2752764038891824,0.025726711377501488,0.05401693657040596,0.00766055908656834,0.012473665168945144,0.01020828541368246,0.0,0.0,0.005681248526653369,0.009211359316276257,0.017605096101760864,490.0090673335015,517.0207773450283,0.0,489.093020161022,514.9380530973451,0,528.0,552.0,0.0,0.2508430602028966,0.5810757618397474,0.017652399372309446,0.013858244568109513,0.25374451494635497,0.045435263961553576,0.05262531489133835,0.024164702901173205,0.030129967048294626,0.03057602755725384,0.012045471929013729,0.011264210008084774,0.01067660211525433,0.013967538971694244,0.045561914704740046,484.5155033111931,518.0888244831588,0.0,484.6172413793103,518.1034482758621,0.0,484.0,517.8,0.0,48.4,6
5,7,5,4.879209631122649,205.47779197525233,0.004791332874447107,0.006973372772336006,0.22008875972713637,0.025986114516854286,0.05828946456313133,0.007920794855718586,0.011075775764082165,0.009048599749803543,0.0,0.0,0.006037951232532378,0.008719523107747694,0.016571298241615295,848.0919553846571,539.2911820935896,0.0,847.8945666235446,539.1938335489435,0,830.0,590.0,0.0,0.3213488971814513,0.7339772649109364,0.025892271660268307,0.00798046849668026,0.21366012117702282,0.053192950785160065,0.05897306799888611,0.030501346861442125,0.037026921109889685,0.04177920147776604,0.012414740584790706,0.012414740584790706,0.013264233233831507,0.01446189444870658,0.05007705818861723,850.8096078415498,522.2032347908023,0.0,850.8555555555555,522.1222222222223,0.0,850.8,522.0,0.0,48.6,7
5,8,5,4.4822156466543674,189.20634924271144,0.0013427939265966415,0.007217517588287592,2.303904690151209,0.03009079210460186,0.05844205245375633,0.007661907088298064,0.010040668076985323,0.008651865646243095,0.0,0.0,0.005856258755726956,0.00837295318999442,0.0158236064016819,212.7809668389486,548.0456839164435,0.0,210.72596051793676,547.0040861812779,0,299.0,552.0,0.0,0.31381704602390526,0.6968276534229517,0.028050660155713558,0.011143663339316845,0.20159811600177607,0.05839627757668495,0.06184786781668663,0.03286831484486659,0.040515357406977086,0.04334020037204027,0.013974212110042572,0.013919279724359513,0.014377257096492218,0.016346374500092648,0.056902419030666354,198.97690270852476,538.3463131713495,0.0,199.0,538.3,0.0,198.2,537.6,0.0,50.8,8
5,9,5,4.864255793159828,237.49704918568023,0.0053101396188139915,0.00708018708974123,1.012204950941468,0.03321889042854309,0.06009002774953842,0.007782809269055724,0.011434619604510362,0.009231708012521267,0.0,0.0,0.006086477913328027,0.008876782439855155,0.016891736537218094,555.1513390698975,679.3312794764404,0.0,554.699085219066,680.2368319691864,0,562.0,649.0,0.0,0.2685618391260505,0.6699412558227777,0.021531242970377208,0.010934615507721901,0.1378120294778558,0.043955139070749286,0.058228427171707155,0.02389766299786667,0.03165325050315458,0.0317509725689888,0.011285572685301304,0.011285572685301304,0.00998075514006436,0.014007917870296033,0.04355230052024126,531.8212379440367,673.9776596433842,0.0,531.775,674.0,0.0,531.6,674.0,0.0,60.2,9
5,10,3,4.327245025429875,198.70298457075842,0.005279621575027704,0.007080186158418655,0.5797528232396345,0.02688639611005783,0.05734340474009514,0.007810911598248871,0.011322752554034898,0.009140154346823692,0.0,0.0,0.005691193282371723,0.008846226560104496,0.016784925013780594,785.0346820758647,737.4842178631045,0.0,785.1722605276653,738.0474101088381,0,799.0,754.0,0.0,0.4256809338306387,0.9804430222138762,0.02909513982012868,0.016029602537552517,0.2725595716525344,0.05989166100819906,0.062485694885253906,0.03581207669210724,0.04168817430073932,0.044406297306219734,0.013361816915373007,0.013361816915373007,0.016646906585823625,0.01650308706807319,0.058762493543326855,816.5402481502451,772.0331319435362,0.0,816.6470588235294,771.9803921568628,0.0,815.3333333333334,772.6666666666666,0.0,65.66666666666667,10
5,11,3,4.79124137153849,221.32282154937275,0.0038948653382249177,0.007125964388251305,0.9296042058479955,0.0321660190820694,0.062485694885253906,0.007867391414677323,0.01082951614959988,0.008926527574658394,0.0,0.0,0.005642973295151594,0.008663841374063432,0.016388189047574997,431.5140361208402,834.694574227242,0.0,430.67876889954493,834.2865391202231,0,465.0,862.0,0.0,0.2773428975294034,0.6525266443689665,0.019840542692691088,0.00886040615538756,0.2506467387757887,0.04571602990229925,0.05556318536400795,0.02290718296232323,0.028550193958229154,0.02988733785847823,0.010467689173916975,0.010467689173916975,0.010561037713137386,0.012443380397332166,0.036572061479091644,446.8881408982997,851.1592209121133,0.0,446.8548387096774,851.1666666666666,0.0,447.6666666666667,851.3333333333334,0.0,70.66666666666667,11
6,1,13,7.151903643971309,262.6876498805359,0.002906843670643866,0.006942855194211006,1.4921008138116623,0.03036545403301716,0.04872205853462219,0.0086063822430461,0.01035589568243065,0.008758679032325745,0.0,0.0,0.005963862627763819,0.008389245101891301,0.01593041978776455,107.20686758684855,198.54611330714565,0.0,107.24875818024127,197.05460064653474,0,59.0,222.0,0.0,0.314686809738095,0.8245635060593486,0.02615689805064064,0.012270014446515303,0.16857383959587244,0.053022753733855024,0.060860022042806335,0.02891902180956232,0.038030520122478054,0.0407163524427093,0.012027630725732217,0.01201706680540855,0.012404121038392966,0.01572712927796024,0.053015417634294584,78.54468433837275,201.28506112207938,0.0,78.56572521046205,201.20298342008866,0.0,78.46153846153847,201.23076923076923,0.0,14.923076923076923,1
6,2,6,4.588265856495127,255.75791732547805,0.00805676355957985,0.006431678310036659,1.0765138814600415,0.029297322034835815,0.062485694885253906,0.008624559880629937,0.014708029060065447,0.01441214606165886,0.0,0.0,0.006147455110697272,0.0099110611319953,0.021160447970032692,781.1327106532864,252.0741425307434,0.0,781.3471735004888,251.01920754499972,0,748.0,196.0,0.0,0.3390071466565132,0.832715344770501,0.027560337369019788,0.011004298149297634,0.17489485640147165,0.051735714077949524,0.06066224165260792,0.03089087586511627,0.03936048224783951,0.042826988423864044,0.011456982387850681,0.0114162916628023,0.013492464444150622,0.016012252838526867,0.054116757276157536,796.9856900744061,263.63891070818727,0.0,796.9606481481482,263.6296296296296,0.0,797.0,263.0,0.0,22.0,2
6,3,3,4.604608261957765,255.79836891335435,0.008117799647152424,0.006317234598100185,0.24959021706692833,0.032578010112047195,0.06071564927697182,0.008356820802101206,0.014714586338780164,0.01441977545619011,0.0,0.0,0.006343117553378807,0.009838299183537335,0.02081330679357052,935.669615012383,345.68683224503775,0.0,935.4337321675104,345.7684077312471,0,909.0,345.0,0.0,0.3090053681905071,0.7698430906360348,0.02151522063650191,0.010162508115172386,0.19685935361202075,0.056265100836753845,0.05989674727121989,0.026389985290741682,0.033709925841645005,0.03587904696663221,0.011154344926277796,0.011154344926277796,0.014635573695114104,0.01573307904021483,0.04877927868316571,964.6285880575507,354.0738139653435,0.0,964.6198156682027,354.15745007680493,0.0,965.0,354.6666666666667,0.0,32.333333333333336,3
6,4,8,5.604409911902621,329.6846135130618,0.007267109234817326,0.005836575757712126,1.8261577695106046,0.032578010112047195,0.05766384303569794,0.008504415647803675,0.013142699362689327,0.011375600937753916,0.0,0.0,0.006104104436092157,0.009546054126037942,0.018478674814105034,285.77605462168555,423.7713433284636,0.0,284.34307354993024,422.63934622284233,0,281.0,400.0,0.0,0.34072633122559637,0.8981422160286456,0.02341020095627755,0.01197547116316855,0.2203860534127205,0.055737392511218786,0.05853742314502597,0.02812025476415312,0.035619999898355285,0.036534867249429226,0.01330968167167157,0.012939650448970497,0.012258681184430884,0.014684030770730631,0.050490195862948895,271.117791681512,421.56584173514506,0.0,271.1373760259918,421.52655608755134,0.0,271.375,421.75,0.0,38.75,4
6,5,11,5.216388237196952,398.5613668428268,0.007965209893882275,0.006286717019975185,1.2599523778471704,0.02848859317600727,0.06077668443322182,0.00827998132888405,0.014535955608987447,0.014114595018327236,0.0,0.0,0.00599697777682276,0.009950873817341983,0.02090485952794552,583.6283847304036,470.8213279034992,0.0,582.7064809074,471.68014880192567,0,523.0,406.0,0.0,0.3253584151918238,0.8427738161249594,0.02612136494876309,0.011544837193055586,0.1776905419030833,0.05256871845234524,0.057050708681344986,0.02932926354598033,0.038033660140693384,0.04038022678684105,0.012520721266892824,0.012520721266892824,0.01266493636459513,0.015248088597184472,0.053502639162946834,583.9470234625975,456.9290787822323,0.0,583.898069623876,456.8824117372505,0.0,583.6363636363636,456.8181818181818,0.0,43.36363636363637,5
6,6,7,5.329335521906614,303.41634435323067,0.00807202234864235,0.00634775310754776,0.7277191978201928,0.024933241307735443,0.062485694885253906,0.008540601797927266,0.01467480868413768,0.014343480579555035,0.0,0.0,0.005948082443195072,0.009869582583662192,0.021011672914028168,870.3266335819683,580.7777565836687,0.0,869.6100309537628,580.651044689495,0,861.0,554.0,0.0,0.34779888817242216,0.9705675312184862,0.025265670314963375,0.009920544257121426,0.17332532798806896,0.052065963191645484,0.05817175177591188,0.028070322705665552,0.035550830275900294,0.037123020073132854,0.0123598077999694,0.0123598077999694,0.012075091946204066,0.01437483676446121,0.048523144729967625,888.6169153713037,585.1241110930366,0.0,888.6444444444444,585.1984126984127,0.0,888.8571428571429,584.8571428571429,0.0,56.0,6
6,7,4,4.724071154138073,344.8285516984761,0.008407721295952797,0.006942855194211006,2.2538851979765786,0.032654307782649994,0.062485694885253906,0.008061554870542787,0.01565268051286773,0.015259021893143654,0.0,0.0,0.0062781135403379845,0.010213350917452532,0.022537576034665108,514.218304654521,653.4140283430555,0.0,512.0475261007716,654.0204266908761,0,528.0,644.0,0.0,0.27582208113744855,0.6510376166552305,0.022130350465886295,0.013252460397779942,0.22462660405867305,0.05272755026817322,0.06190966721624136,0.026954326619826524,0.0347308580233728,0.03614480886608362,0.011627374915406108,0.011627374915406108,0.013601125859355093,0.015955543081296455,0.04930762178264558,526.6325103361204,643.7860281039875,0.0,526.5,643.75,0.0,527.0,643.75,0.0,60.75,7
6,8,5,4.853955947328359,231.85870321304537,0.006561379414051771,0.006744488142430782,2.5469784234260087,0.028076600283384323,0.05453574284911156,0.008560768866540315,0.01221144484189421,0.009811551310122013,0.0,0.0,0.005891406645952608,0.00918238299521126,0.01745632104575634,100.0453809931049,767.8891654804642,0.0,97.69326381208195,768.8662242587034,0,156.0,805.0,0.0,0.293110553920269,0.6614847060292959,0.0273105975240469,0.01110551580786705,0.169859915264713,0.05089189037680626,0.061243610084056856,0.030589481696176035,0.03781458320586196,0.037802701070904735,0.01506675835698843,0.01506675835698843,0.010699113209982734,0.014137456216404892,0.050820935331285,89.91901232364316,749.313736013556,0.0,89.8,749.325,0.0,90.2,749.6,0.0,69.4,8
6,9,8,4.7706111643929034,247.3340063430369,0.007797360420227051,0.005889981985092163,0.4788973689882875,0.029404135420918465,0.056198976933956146,0.008296715068509397,0.014111599608777137,0.013443198055028915,0.0,0.0,0.005970334177267677,0.009809809235844619,0.020126650109887123,658.013429434482,864.6830231884512,0.0,658.2335254179267,865.1083471215838,0,620.0,909.0,0.0,0.3034790580859408,0.7152800055919215,0.025912203243933618,0.010516327223740518,0.15339018496878712,0.051108187064528465,0.05796711705625057,0.029713670940272455,0.03677257105048243,0.03939402604009956,0.01588845660444349,0.015884641907177866,0.011000837485744172,0.013265119270028368,0.048791199806146324,671.696220607337,852.1205209007611,0.0,671.7154017857142,852.0669642857142,0.0,671.375,852.25,0.0,75.375,9
6,10,3,4.8946059856098145,217.91828939458355,0.0077668423764407635,0.0056916153989732265,1.182651157598943,0.02703898772597313,0.056137941777706146,0.008819109883981649,0.01397091225763454,0.013214313425123692,0.0,0.0,0.005940937858348696,0.009698352269247855,0.019790951162576675,328.2312983813469,935.7296056637406,0.0,327.50468008719065,936.6627131683549,0,290.0,945.0,0.0,0.29764248182376224,0.6731568376223246,0.02357518921295802,0.010538896545767784,0.16091206331695573,0.05182981118559837,0.06064443911115328,0.02785915929513673,0.03351877286116144,0.032038859402139984,0.014429948292672634,0.014099336229264736,0.010926164512755986,0.01374816970955149,0.04560158774256706,342.5918284349537,940.3434414585076,0.0,342.6666666666667,940.3333333333334,0.0,342.6666666666667,940.6666666666666,0.0,80.0,10
7,1,7,4.626031938241795,176.787397489883,0.0015716792549937963,0.0072632948867976665,1.4274309060424253,0.026306554675102234,0.06150911748409271,0.007948508484951537,0.010279532357825503,0.00869764294475317,0.0,0.0,0.005837605093123719,0.008559385253386871,0.01603723131120205,648.7322670780802,83.19058046450958,0.0,648.9809280148854,81.78497499709269,0,649.0,135.0,0.0,0.3341943791934422,0.9038398243220789,0.02157898190697389,0.013365813797073705,0.1900101415255661,0.047603788652590344,0.0585772054536002,0.025977750052880715,0.03341056752370756,0.03464560915849039,0.012728204152413778,0.012512397952377796,0.01089380071081002,0.014356648325558457,0.04616944032854268,660.5977444076581,83.87662627645129,0.0,660.5789732655404,83.9634574380843,0.0,660.8571428571429,83.14285714285714,0.0,6.714285714285714,1
7,2,11,6.03053336427547,248.04138445900753,0.0014343480579555035,0.00708018708974123,2.6292969309827288,0.028183413669466972,0.051712825894355774,0.007711679493958402,0.009957902142157755,0.00862134713679552,0.0,0.0,0.005675137996542481,0.00828450339766463,0.0156557559967041,299.4022533555561,273.6009852654386,0.0,296.8333534063993,273.04066803163516,0,360.0,218.0,0.0,0.3278789271346547,0.7899623395536434,0.02790320226499303,0.01119041129608046,0.2000190475189404,0.051700340753251854,0.06036607819524678,0.030974209626351834,0.038593847641115724,0.04006325521252372,0.014687502418052067,0.014550171199847351,0.011641573918283334,0.014384580159364528,0.05271679916503755,317.9671812199381,255.07540416670247,0.0,317.92092181865326,255.1867690385839,0.0,318.1818181818182,255.1818181818182,0.0,22.454545454545453,2
7,3,4,4.549324840540066,271.61657321220264,0.007431143894791603,0.005477989092469215,0.7344265605847544,0.024994278326630592,0.062485694885253906,0.00753199476910607,0.013208353103102638,0.011856259778141975,0.0,0.0,0.0055887931304971095,0.009390698615248598,0.018402380868792534,832.3858926223057,297.3040627973835,0.0,832.1562925500875,296.6064481618362,0,782.0,309.0,0.0,0.3309605559334159,0.9477988905273378,0.022133210964966565,0.013063629856333137,0.24182742611750763,0.05212863348424435,0.056511787697672844,0.027116296112090203,0.03629668507234626,0.039557107258588076,0.012359808199107647,0.012359808199107647,0.012592123886651527,0.015486569379012338,0.052677004714496434,836.9880360204619,289.7539598314986,0.0,836.9825581395348,289.5436046511628,0.0,837.0,291.25,0.0,24.5,3
7,4,4,4.62700851703994,299.17134552588686,0.007568474858999252,0.005477989092469215,1.1193463780032384,0.029083695262670517,0.062485694885253906,0.007842387317016848,0.013472545506884934,0.012237736023962498,0.0,0.0,0.00594160829207936,0.009578642046496758,0.01893644593656063,541.8900760934982,424.23305961457754,0.0,540.8700351256417,423.77213365757,0,538.0,476.0,0.0,0.3153810959775001,0.7351033841259778,0.027486267150379717,0.010877775494009256,0.13023480487193317,0.054745555855333805,0.05832761153578758,0.030909041967242958,0.03790869435537248,0.03953803330659866,0.014950026525184512,0.013859006809070706,0.01169487340896474,0.013703124967090877,0.05076199723407626,555.3395308615607,408.59236751585826,0.0,555.2901785714286,408.55357142857144,0.0,555.75,409.75,0.0,32.5,4
7,5,5,4.00811783503741,230.09782726550475,0.006454566493630409,0.006851299665868282,1.154523808752571,0.027512015774846077,0.061020828783512115,0.007562486481202661,0.012125089701507337,0.009674220345914364,0.0,0.0,0.00606558885055792,0.009143549523764656,0.017406729981303215,261.06998253123993,561.0821172655376,0.0,260.0385203140644,561.6007798914476,0,326.0,597.0,0.0,0.3105485636740923,0.7607354883104562,0.024695201218128203,0.011982909217476845,0.1379042451816992,0.053397420793771744,0.059183643013238904,0.028097505323080852,0.03600279960801904,0.037529564648866656,0.013000686652958393,0.013000686652958393,0.012431978164200464,0.014460364875258352,0.04905394073575735,222.84750483364692,569.6201004592751,0.0,222.75714285714284,569.5895962732918,0.0,223.0,569.6,0.0,37.0,5
7,6,4,4.695353671675548,240.56705756112933,0.0052948808297514915,0.007095444947481155,0.48791068398944953,0.027985045686364174,0.062485694885253906,0.00782558945279258,0.01148236635774566,0.009246967732906342,0.0,0.0,0.005858629384427642,0.008986934321591512,0.016952773556113243,600.4867260373509,635.8940234420182,0.0,600.9732709655864,635.9305045105245,0,507.0,677.0,0.0,0.2674105449113995,0.6760395211167634,0.020272564492188394,0.012075608130544424,0.0991095441263333,0.0441214619204402,0.05503547750413418,0.02370950298341499,0.031116634951198215,0.030493247788399458,0.011596856638789177,0.011596856638789177,0.01020124648480685,0.013799635799842572,0.04557583690620959,571.2053196690252,661.3094654425414,0.0,571.1785714285714,661.3348214285714,0.0,570.25,661.5,0.0,45.0,6
7,7,7,4.930190020008013,241.12236391124316,0.002426184481009841,0.00715648103505373,0.8443673177807802,0.028061341494321823,0.05342183634638786,0.007838139936419734,0.010518796139739264,0.00881971511989832,0.0,0.0,0.00567050821624957,0.008594651754395898,0.016189822927117348,888.1062011534663,670.9402286630942,0.0,888.9464293504341,671.0237316232605,0,810.0,714.0,0.0,0.2899105186973299,0.6601031116609063,0.02571799167032753,0.010916739968316895,0.22154729955463018,0.05135968806488173,0.06114508105175836,0.029212145606143314,0.03542405846484848,0.0347578725112336,0.014238847552665643,0.014238847552665643,0.011804697089331831,0.014405409799094254,0.048654481901654174,874.715107789365,669.7079488169531,0.0,874.6516439909295,669.6439909297052,0.0,875.0,670.1428571428571,0.0,45.142857142857146,7
7,8,14,5.6309606248978525,284.4717503248248,0.0009308003354817629,0.007232775911688805,1.6334865974517578,0.037048906087875366,0.056107424199581146,0.007864470146505381,0.009696688493193743,0.008514534682035446,0.0,0.0,0.005616255986195669,0.008278679700425463,0.015442130155861378,336.33870362854344,835.0727395426901,0.0,334.7295224460579,835.3534785424549,0,294.0,770.0,0.0,0.31875878891774584,0.7752444188642714,0.023844401817768812,0.012684061857206481,0.20864734475998672,0.05190683275993381,0.059599559754133224,0.02917917739263622,0.03568630262440658,0.03661565788622413,0.012190868612378836,0.01217996927776507,0.012196426570648775,0.014915225924121159,0.049535689842221994,317.86708156372293,838.5122466377042,0.0,317.8419441947425,838.4661412629183,0.0,317.57142857142856,838.2857142857143,0.0,58.92857142857143,8
7,9,5,4.955077487975359,220.11113315890543,0.0032043945975601673,0.007156480103731155,0.9731734064785694,0.026520179584622383,0.056412603706121445,0.008149798499959471,0.010711004046662065,0.008880751207470894,0.0,0.0,0.005726962933699461,0.008636092881272182,0.016357671469449997,738.0261460935604,911.6533453766831,0.0,738.9991240875912,911.6728467153284,0,764.0,877.0,0.0,0.35446707867085936,0.8755138479173183,0.02938506118953228,0.008345159143209458,0.1922805898237311,0.05583276078104973,0.06120393648743629,0.032348825837570164,0.0411209005664166,0.0475120160728693,0.01431296244263649,0.01431296244263649,0.014102092814665406,0.01572662737591744,0.055423819646239283,734.8511919290852,895.1703094200159,0.0,734.8571428571429,895.1571428571427,0.0,734.6,894.0,0.0,67.0,9
7,10,6,5.305973959155381,173.56144200568087,0.0009460593573749065,0.00713359285145998,2.2913582283223928,0.0319523923099041,0.053192950785160065,0.007919364118142359,0.00958214773950648,0.008506904821842909,0.0,0.0,0.00580413134430771,0.00811093994079479,0.015320057980716228,929.4609722397934,928.4752440768673,0.0,930.27632087451,930.61662894054,0,908.0,882.0,0.0,0.29871061351150274,0.6616998563210169,0.02497393226561447,0.010589761193841696,0.17881202431856966,0.0533989475419124,0.058856590961416565,0.030138947720176435,0.03623435881111871,0.037819485645741224,0.012550545545915762,0.012550545545915762,0.01325337815619617,0.014636051263339887,0.05074959946796298,929.0957554182447,947.6829264325153,0.0,929.0654761904761,947.7023809523811,0.0,929.5,947.5,0.0,75.0,10
8,1,7,4.705729825189337,220.23395306593738,0.00158693827688694,0.007217517821118236,2.158876781090706,0.032471198588609695,0.05699244514107704,0.007352702851858339,0.0102453457883298,0.00869764294475317,0.0,0.0,0.005945674132258118,0.008456900539515845,0.01596093736588955,388.7995333127682,93.15972443061618,0.0,387.87313918868625,91.20971343505768,0,452.0,105.0,0.0,0.3739070748644216,1.0948697034535664,0.025383928191981146,0.013127118748213564,0.19896951699022156,0.04824248754552433,0.06081374202455793,0.026236780585867227,0.03616053892409737,0.035636356233486106,0.011385410358863217,0.011341813153454236,0.01069987520673025,0.015374451849399692,0.05150682811758348,400.4266864796282,92.02263323587343,0.0,400.4700260273781,91.94889175182267,0.0,400.42857142857144,92.28571428571429,0.0,8.571428571428571,1
8,2,7,4.499870343133807,244.74699207860976,0.005172808654606342,0.007019149838015437,0.9961664904142994,0.028244448825716972,0.053162433207035065,0.0078122749012739705,0.011219720916778664,0.009109635837376118,0.0,0.0,0.005809866718639558,0.008771145355754953,0.016723887994885445,688.2217763929752,187.5822195099345,0.0,688.5053176858898,186.62725772439717,0,717.0,181.0,0.0,0.36299469468316864,0.963694432351206,0.02119532659915941,0.01059848056840045,0.21629451440706998,0.04912097166691508,0.05879083169358117,0.026199992594444006,0.033576786611755165,0.03373769750552518,0.012479700015059539,0.012322750075587205,0.011603412462299718,0.014670799081979156,0.0468010547171746,656.2631173999172,193.9126734075512,0.0,656.226340058823,193.89665675389986,0.0,656.0,193.85714285714286,0.0,20.428571428571427,2
8,3,9,4.470252577913925,236.23734072363004,0.0036888685426674783,0.007034409791231155,1.7235987678798081,0.02555886097252369,0.05075150728225708,0.007538368596819435,0.01073854905784945,0.008896009996533394,0.0,0.0,0.00567198689555608,0.008590341171751488,0.016281375661492348,933.4155231606509,271.0442914517472,0.0,935.0753670621392,270.5798445383881,0,952.0,266.0,0.0,0.3677797288530403,0.9364037913166814,0.025446962099522352,0.011957139604621463,0.19792104662743348,0.056182023137807846,0.06106830139954885,0.029384599370507733,0.03661688767725051,0.03495418083750539,0.013678865300284492,0.013178708549174998,0.011998441076926965,0.014899991152576529,0.05069131849126683,938.6046381901067,273.894294183621,0.0,938.5654110824057,273.81720815896256,0.0,938.5555555555555,274.6666666666667,0.0,29.0,3
8,4,6,4.582024915376678,225.55875668139197,0.004791332874447107,0.00708018708974123,0.47795383146235926,0.029526207596063614,0.05200274661183357,0.007523850435758092,0.011054634222769652,0.008987563662230968,0.0,0.0,0.006032434233096891,0.008722978860488406,0.016571298241615295,325.75514478877267,404.58626567714384,0.0,325.75465594981375,404.10831209566754,0,283.0,425.0,0.0,0.34265150952463347,0.8800996923819184,0.02513288101181388,0.009253325251241526,0.16931409400610342,0.04640522847572962,0.05518679569164912,0.028218143122538814,0.034778823767484354,0.0364703342008094,0.011726558363686005,0.011690953901658455,0.01116541593465959,0.013703980576704954,0.046473258174955845,341.52606997411954,407.4404622734816,0.0,341.4444558311129,407.4701099952176,0.0,341.8333333333333,407.3333333333333,0.0,39.5,4
8,5,3,4.007644818164408,230.00564761832356,0.006157015450298786,0.0068970778957009315,2.0364704088008736,0.02711528167128563,0.06172274425625801,0.007533166951436857,0.011864523244523036,0.009475852362811565,0.0,0.0,0.005994215913898937,0.009054758863357389,0.01716640032827854,581.7782269821794,418.3643371547183,0.0,582.0858351387599,416.35123284844735,0,567.0,442.0,0.0,0.30934615309039754,0.645049722554783,0.017872129411747057,0.008260217184821764,0.08197045783059398,0.039017319679260254,0.04796927918990453,0.024823585112057064,0.026170373214260925,0.027293303981423378,0.012848096589247385,0.01102210022509098,0.008707586997233487,0.010190975246785104,0.03466341132298112,572.9487518016964,418.8427327226086,0.0,572.910052910053,418.85449735449737,0.0,574.3333333333334,418.6666666666667,0.0,41.0,5
8,6,9,4.767513602506369,269.13690591114573,0.006027313880622387,0.006866559851914644,1.8422656060066724,0.028976881876587868,0.05659571290016174,0.0075795128815681545,0.011632819238898069,0.009338521398603916,0.0,0.0,0.0057269750125458155,0.008896724066812314,0.016952773556113243,822.9036936105283,513.0203110993095,0.0,824.1926434993085,514.3365750345781,0,761.0,539.0,0.0,0.3438891881249017,0.8842230235329933,0.026978798469321594,0.01294304078651799,0.21561031834449992,0.055290218028757304,0.06224155053496361,0.031109971753113794,0.040502016019247494,0.0435492487417327,0.013570356907116042,0.013570356907116042,0.013974007542423086,0.01667113011634715,0.05698185031198793,818.7613506098604,495.2904158887364,0.0,818.7964953964954,495.1928917928918,0.0,818.8888888888889,495.3333333333333,0.0,49.22222222222222,6
8,7,5,6.149797881487757,218.11246078601107,0.0016021972987800837,0.007064927369356155,1.7692560497518852,0.02677958272397518,0.05200274661183357,0.007955754051083773,0.010069827367775211,0.008667124435305595,0.0,0.0,0.005791041256859873,0.008326401769157029,0.01573205180466175,160.56279403993247,605.3212360445616,0.0,159.32386888273314,604.0581717451523,0,160.0,607.0,0.0,0.26697490029036997,0.6078461945056916,0.022778668254613877,0.007595941424369812,0.22872893001312203,0.04849012047052383,0.052961014211177826,0.02689970478282443,0.03241724195675209,0.033325704373419286,0.011877622827887535,0.011877622827887535,0.012591529236690744,0.01327692958558115,0.044171817414462564,196.1340207586441,575.0569147892658,0.0,196.1,575.0,0.0,196.2,575.4,0.0,57.4,7
8,8,7,4.753582109929994,260.08606298291124,0.004974441137164831,0.007003891281783581,0.9402514074640429,0.026138704270124435,0.05366598069667816,0.007533410633803477,0.011102926914958858,0.009063859470188618,0.0,0.0,0.005510268180081234,0.008724495341859108,0.016586557030677795,499.8557923997719,658.1989164955553,0.0,499.0859765208111,658.7387833511206,0,466.0,701.0,0.0,0.27316265074270113,0.6327066243227039,0.020413301485989774,0.010533084427671773,0.20944887607544566,0.05018474321280207,0.05412593058177403,0.02736848952391973,0.032794213653503386,0.03401889931410551,0.012802319468132086,0.012675887638969081,0.0125439589499132,0.013956348179766001,0.046500779289220064,511.28167214580134,640.3004478098293,0.0,511.2687074829932,640.3480725623583,0.0,511.42857142857144,639.7142857142857,0.0,64.57142857142857,8
8,9,5,4.607675340725109,172.3323734391015,0.0009613183792680502,0.007263295352458954,3.491776075913028,0.03460746258497238,0.056260012090206146,0.007999436355425537,0.009771070671832029,0.008545052260160446,0.0,0.0,0.006119080494097679,0.00824914720411374,0.015609979629516602,102.47874150647417,741.9346151096627,0.0,99.02239609910983,741.4384532516868,0,170.0,740.0,0.0,0.32161745745688675,0.7480186190456152,0.02028610687702894,0.01267261728644371,0.2742637293182767,0.05231708288192749,0.062229343503713605,0.029257652363518162,0.034408381080293315,0.03659266084432602,0.013003738969564438,0.012579538114368915,0.01377562666552704,0.016037034445304677,0.04927214458584785,79.96518387047266,746.8965718104625,0.0,80.11176470588235,746.7901960784313,0.0,80.6,746.8,0.0,76.8,9
8,10,13,5.313817105721682,275.5726273721084,0.0060120546258986,0.0068360427394509315,2.0367860997037432,0.03039597161114216,0.059464409947395325,0.007919250530136635,0.011765546382550953,0.009460593573749065,0.0,0.0,0.0062000799138153696,0.008955792588382703,0.017059586942195892,790.0702869554784,770.9857727269698,0.0,790.243275552899,773.0151993851935,0,755.0,695.0,0.0,0.3345411444942539,0.8984699931998665,0.02415268413292674,0.0128733329474926,0.15745214827124848,0.05049679886836272,0.06041281527051559,0.027986645449593187,0.036408249810930875,0.0371985614586335,0.013129801489412785,0.012798798127243152,0.011596249793387248,0.015028373601275236,0.050135864303089105,802.922246260304,750.0964441741323,0.0,802.9365267711013,750.0230243161094,0.0,802.9230769230769,749.9230769230769,0.0,78.76923076923077,10
8,11,8,5.788113285321742,285.87283354625106,0.004272526130080223,0.007003891281783581,0.9808291419487205,0.026413366198539734,0.05336080119013786,0.007696959156012955,0.010815816032168706,0.008941787295043468,0.0,0.0,0.005614576469734,0.008589863167501169,0.016330968588590622,676.6586695836895,910.5983528697237,0.0,677.4904089894442,911.1181945442851,0,664.0,978.0,0.0,0.3280594354728237,0.8693217398831621,0.022185187553986907,0.013772221049293876,0.3350722946364749,0.055252918507903814,0.06186961196362972,0.027607942056382426,0.036304726836742816,0.035800526617094874,0.01261730375699699,0.011459525441750884,0.01332064360306741,0.017122345258642233,0.05288729316089302,702.6843647440205,936.3621755031818,0.0,702.682224025974,936.3409090909091,0.0,702.75,936.625,0.0,101.375,11
